id,findingId,sampleItemId,url,context
dd61f69e-6fc5-4fb2-9630-e478c82db777,4554ef2b-e723-4c88-ba93-813ac024e0be,0cc375c3-c4e2-4c56-88cd-f0987030b273,,
4ab799d8-b363-4848-827a-a37f02fb58e9,7253b56c-02ca-4d51-81fb-cf63d2e6ee59,ff94dd74-974b-42e8-967c-6c0c30313108,,
1d840744-744f-4c5b-9007-9b2c3d55e133,8e1a4e46-98b0-4abd-b3b9-0ee4ef45576f,d41db11e-093a-498c-aa2a-251f302ae94e,,
3f5e5c50-d0be-42d4-b1b4-e1c1f1d3479e,e0d8bd97-427b-4314-af31-5b8b818bc731,d41db11e-093a-498c-aa2a-251f302ae94e,,
cbc395fb-2026-4309-933a-7b6e7400ffc4,c2014214-63ad-45d1-be47-4c38b81bc411,d41db11e-093a-498c-aa2a-251f302ae94e,,
b35586de-4187-426b-a854-794385bb90d2,15a6330b-856e-40e1-ab4e-af1ae5fc008e,d41db11e-093a-498c-aa2a-251f302ae94e,,
8d3b4730-4bbb-41fb-92a1-79ee0adc3024,6dcc2555-8ce4-47e1-a1a0-7d36c8cdf1b6,d41db11e-093a-498c-aa2a-251f302ae94e,,
ce417904-7011-42a5-ba58-46128f2754ef,40c82290-5214-4e74-8ded-623ea2f3ee97,ff94dd74-974b-42e8-967c-6c0c30313108,,
1fb23c51-4fe1-4cd8-b9f6-a05c3d48168a,4b7532c6-7feb-4ffe-99b4-c8854c1c75ee,f9f2396d-88f6-4d49-b25a-67cebbf03928,,
290ff844-687c-4436-8056-f9aba6992435,e063b61e-55ed-4045-aadc-207aa6ed3f94,d41db11e-093a-498c-aa2a-251f302ae94e,,
1474cb2a-762a-44d2-a427-1313d800f5b5,650efb4b-c014-41cd-b339-7ed44d49a9bb,0cc375c3-c4e2-4c56-88cd-f0987030b273,,
8712566d-eb30-40a3-baa3-a987c1232036,e4684e65-bd0e-49b0-b5f7-8d8404046fd3,0cc375c3-c4e2-4c56-88cd-f0987030b273,,
1c057524-dfda-4787-9c5c-551b78975d8f,624f71fa-bd24-4f6e-8c17-d4f469094d81,b4a0fc55-ede4-4ba7-9884-9ca682ada0dc,,
2c29a9c7-b926-4f0a-a5a3-06a8733069eb,879b4a56-c6d0-4066-843e-543c15285a77,adc79cf1-3e62-448f-a43e-95006a75bee1,,
3630bb3d-51f0-4a0a-b67d-53b2607ac793,e4e573b4-e27f-4062-90eb-6ff1524b4168,0cc375c3-c4e2-4c56-88cd-f0987030b273,,
ffa089a1-6815-49e0-ae76-34a3152b268d,5e914bc1-e8ce-4720-9a03-5607ecac9a75,6b60bf9a-7cd4-4634-9c11-b94036cc802d,,
acac7da8-0bbd-4fe1-970e-c48d9bc3dad5,c2cd6b89-c15d-4dc7-b9d3-671a01486830,0cc375c3-c4e2-4c56-88cd-f0987030b273,,
d3067167-38af-4c99-8810-43d4e8a6a694,c2cd6b89-c15d-4dc7-b9d3-671a01486830,6b60bf9a-7cd4-4634-9c11-b94036cc802d,,
7901b277-be39-42b5-bb06-fb7b07ace6f8,5dbdcf62-9c76-4ce1-b178-0cf52ac761a9,ff94dd74-974b-42e8-967c-6c0c30313108,,
0cb047b8-7398-4ec9-9836-53e200eb99f6,5dbdcf62-9c76-4ce1-b178-0cf52ac761a9,4e7bcebb-6d47-43bd-ae6d-6b3535d57094,,
f83ad5d0-cab5-400a-98f7-be124b8dcbfc,553913cb-d5cc-474b-95c1-74084d36d46a,4e7bcebb-6d47-43bd-ae6d-6b3535d57094,,
693f124d-768d-4e30-b5cb-437dafbd5db7,8a8e0786-d896-4b80-9e1b-d90909414347,c74f69d5-721b-4f65-a2b3-cee0570eac46,,
7034396a-fbc7-478e-a1b3-b04d98af18f5,6d2c1c9c-091e-47c2-92c0-1c163db2fcaf,c74f69d5-721b-4f65-a2b3-cee0570eac46,,
163fb47a-1553-4dbb-90a1-4e64df8f20bd,3cf4873f-30c4-4e60-a998-d45e4d152198,c74f69d5-721b-4f65-a2b3-cee0570eac46,,
f898aa5d-b05a-41b6-8e3f-5086e1557017,d195bf41-f5ce-4fc6-9c63-7ac654dddf9d,c74f69d5-721b-4f65-a2b3-cee0570eac46,,
94686571-48a4-4cf6-a7f1-4ff976a32921,35817b5e-3125-440e-95f5-9a752e4f2f57,c74f69d5-721b-4f65-a2b3-cee0570eac46,,
3d4b8a40-1c3d-4373-bbfd-0578ae0a4c42,9bf50a9a-aeab-4466-9ea4-6d8fafd94a06,c74f69d5-721b-4f65-a2b3-cee0570eac46,,
f37d59e8-55ae-4874-8580-fc331f4438d8,41c6a696-f549-469f-96e9-8f9636175b80,22622112-2c1d-45ca-bdbd-7d3e25a9fe01,,
e5e70c99-d95d-4d36-b69b-ff4992d958e0,0299e012-f23d-4ede-8a10-c7bc16c32b64,b4c18335-df99-4a75-8ebc-f540c0a1fd53,,
519d0a12-6fb9-40a9-87b4-c78f928b2dc0,b9e917aa-a87f-4389-b737-1974185807c2,b4c18335-df99-4a75-8ebc-f540c0a1fd53,,
7008b7aa-da86-4770-b80d-e95c0126b4c2,2f06b863-23fa-4277-a86d-97a66e813009,8e513a8c-b6dc-4b6d-80f2-0858719a8100,,
5588c83e-0720-4885-bcee-4188423d0fda,6e84da21-0faa-4b02-80d1-395a64f6e8c9,49f8c6a6-93f1-4c47-8aa3-b053f526c5e7,,
70c09cdf-09a9-461d-a956-564415687f12,c3f8c8b5-304f-419f-873f-92bddde346d9,9376eff3-d853-41fd-88ca-6681884f8108,,
913a62c8-3f6d-4280-993d-7e18b2786a1e,620ab3e8-05e9-4446-90b9-15f1449e7b32,9376eff3-d853-41fd-88ca-6681884f8108,,
7d8a5d26-50e5-4ee2-977f-7cffd66b0440,54d4d48a-0f0f-4b8b-b9c1-02b02c67db30,9376eff3-d853-41fd-88ca-6681884f8108,,
04e1ab56-e74a-4fe1-80c7-69ef00744b82,a9ebcf9e-5233-45e9-84d7-3b95f0084d51,80500aa8-de4c-48c3-977a-041425785722,,
276c417a-3e7b-4297-a42a-ef301bda1760,a9ebcf9e-5233-45e9-84d7-3b95f0084d51,49f8c6a6-93f1-4c47-8aa3-b053f526c5e7,,
2751d229-5716-4afe-a8fe-e0f19acf3571,760c7e21-ab26-4561-8cad-13ea5100b52c,80500aa8-de4c-48c3-977a-041425785722,,
82c3719d-f19e-4370-ad7d-9f3251c70542,760c7e21-ab26-4561-8cad-13ea5100b52c,ddf6748d-4416-4974-8b8f-995abe57d528,,
fd55adc7-f16b-4e38-9bbd-0571c9e36e11,4bd224eb-190e-4728-8a35-424f2ec0b7b5,80500aa8-de4c-48c3-977a-041425785722,,
fa08b786-6b22-4874-a9d7-58b0c9445b33,4bd224eb-190e-4728-8a35-424f2ec0b7b5,49f8c6a6-93f1-4c47-8aa3-b053f526c5e7,,
7607b227-084d-48d8-856a-d61e9fbb2908,5e9c5f68-b35f-4922-bc5e-8e49b9bab5bb,80500aa8-de4c-48c3-977a-041425785722,,
6965549c-7f92-4414-9b4b-0e536be00126,5e9c5f68-b35f-4922-bc5e-8e49b9bab5bb,9376eff3-d853-41fd-88ca-6681884f8108,,