id,opdrachtgeverId,projectId
b160711d-6f20-4f96-94fb-82381862aae2,d6f75f51-8a47-4771-9344-140eabbe6d17,
913b2217-877f-4283-ad1f-cdc503e9f774,7d3c0f7f-b295-4653-a99e-962814d5787d,
ac9a84e1-0da6-4129-b693-63fefcdd3813,0f8d8f64-6383-472f-b873-e61739391db1,
c593f384-b2f0-4e6d-859b-c1ef6abd0e0c,934c3572-cf88-4616-b8d0-995618d8a051,
e391a21d-f264-4cec-98b6-d6e9a9e5b980,945de11d-35f9-4891-8742-c85dd88db1c0,
81ba5174-7b37-405a-9103-a1648bf9ccf0,945de11d-35f9-4891-8742-c85dd88db1c0,
3d984800-503d-4f44-9df6-d1bbf99a2efa,945de11d-35f9-4891-8742-c85dd88db1c0,
3e603866-ba7c-4495-9993-e8d69386f1b4,945de11d-35f9-4891-8742-c85dd88db1c0,
e1e79291-78af-41cc-9326-2816d622a0cb,945de11d-35f9-4891-8742-c85dd88db1c0,
062cb3f7-14d2-43ef-acef-2d87a0b0ebe8,21a264cd-c4ba-4a6e-ada6-a2e32fa22f1d,
84826388-8815-42cb-9477-07b540dd18d0,7f0d6ad6-7814-454e-81d3-90387d3dd9d7,