id,projectId,findingCode,wcagCriterionId,quickFindingId,status,impact,responsibility,description,advice,evidence,notes,sortOrder,createdAt,updatedAt
6dcc2555-8ce4-47e1-a1a0-7d36c8cdf1b6,6b40737b-a874-4e09-8b16-d4de37a18487,B005,9b23fa6b-a0de-4779-b78a-2649f20d17e7,,resolved,,ontwikkelaar,"Op de mijn omgeving van gemeente Urk is een versie voor hoog contrast aanwezig. Deze is aan te zetten door middel van een zogenaamde ""contrast switch"".
Dit succescriterium is volledig getest in de modus voor hoog contrast. De versie voor hoog contrast wordt gezien als een alternatief voor de standaard versie.

Hierdoor kunnen er contrastproblemen zijn in de standaard versie. Deze zijn verder niet beoordeeld.","Voorzie ook de standaard versie van voldoende kleurcontrast in alle teksten. Dit bevordert de toegankelijkheid van de website voor bezoekers met een zichtbeperking.

Teksten met voldoende kleurcontrast lezen ook makkelijker voor alle lezers. Het lezen is hierdoor minder intensief, kost minder energie en het lezen wordt (onbewust) als prettiger ervaren. Hierdoor is de lezer eerder geneigd om over te gaan tot activatie.

De versie voor hoog contrast kan dan vervolgens ingezet worden voor een ""verhoogd contrast"", waarbij wordt voldaan aan succescriterium WCAG 1.4.6 Verhoogd contrast (niveau AAA).",,,0,Mon Feb 02 2026 11:40:49 GMT+0100 (Midden-Europese standaardtijd),Sat Mar 21 2026 11:08:35 GMT+0100 (Midden-Europese standaardtijd)
4b7532c6-7feb-4ffe-99b4-c8854c1c75ee,6b40737b-a874-4e09-8b16-d4de37a18487,B006,cd31b01e-f6f1-4e3a-bbbe-c83d8c570848,,resolved,,ontwikkelaar,"De links onder “Direct regelen” op de pagina Mijn belastingen leiden naar externe websites, zoals een DigiD-omgeving. Overweeg om gebruikers vooraf te informeren wat zij kunnen verwachten.","Overweeg om bij de links onder “Direct regelen” een korte toelichting toe te voegen, bijvoorbeeld in de linktekst of direct erachter, waaruit blijkt dat de gebruiker wordt doorgestuurd naar een DigiD-omgeving en dat de link opent in een nieuw venster. Dit helpt gebruikers om vooraf te begrijpen wat zij kunnen verwachten. Voorbeelden: Hond aan- of afmelden voor hondenbelasting (via DigiD, opent in nieuw venster) of: een extern-link-icoon met een zichtbare of programmatisch toegankelijke tekstuele toelichting, zoals “opent in nieuw venster”.","[{""filename"":""6.png"",""url"":""/uploads/findings/1770029090184-6.png"",""caption"":""Links onder de kop 'Direct regelen'"",""size"":17446,""type"":""image/png""}]",,0,Mon Feb 02 2026 11:43:35 GMT+0100 (Midden-Europese standaardtijd),Mon Feb 02 2026 11:44:50 GMT+0100 (Midden-Europese standaardtijd)
e063b61e-55ed-4045-aadc-207aa6ed3f94,6b40737b-a874-4e09-8b16-d4de37a18487,B007,d1d29352-2853-4671-bd37-d2b466ab1cd0,,open,serieus,ontwikkelaar,Het logo in de header bevat zichtbaar de tekst “gemeente Urk”. De toegankelijke naam van de link is echter “Logo Urk” waardoor de zichtbare tekst niet letterlijk voorkomt in de toegankelijke naam. Hierdoor kunnen gebruikers van spraakbediening het element op basis van het zichtbare label. niet activeren,"Pas de alt-tekst van het logo aan zodat deze al de zichtbare tekst bevat, bijvoorbeeld: alt=""gemeente Urk""",,,0,Mon Feb 02 2026 11:46:39 GMT+0100 (Midden-Europese standaardtijd),Mon Feb 02 2026 11:46:39 GMT+0100 (Midden-Europese standaardtijd)
8e1a4e46-98b0-4abd-b3b9-0ee4ef45576f,6b40737b-a874-4e09-8b16-d4de37a18487,B001,41d09e8c-c857-457c-a799-ffc0539e7722,,open,klein,ontwikkelaar,"Het logo op de Mijn-omgeving van de gemeente Urk heeft de alternatieve tekst: “Logo Urk”. Deze alternatieve tekst beschrijft niet volledig de tekst die visueel in het logo aanwezig is, namelijk “gemeente Urk”.",Pas de alternatieve tekst van het logo aan naar: “gemeente Urk”.,"[{""filename"":""logo-gemeente Urk.png"",""url"":""/uploads/findings/1770027604510-logo-gemeente_Urk.png"",""caption"":""logo-gemeente Urk"",""size"":27466,""type"":""image/png""}]",,0,Sun Feb 01 2026 21:15:25 GMT+0100 (Midden-Europese standaardtijd),Mon Feb 02 2026 11:20:04 GMT+0100 (Midden-Europese standaardtijd)
e0d8bd97-427b-4314-af31-5b8b818bc731,6b40737b-a874-4e09-8b16-d4de37a18487,B002,4cb21fff-b4e0-4bd5-a312-f472f8541396,,open,klein,ontwikkelaar,"De inleidende tekst en de daaropvolgende opsomming zijn niet correct gestructureerd in de HTML. De opsomming staat binnen een paragraaf-element, wat geen geldige HTML-structuur is. Daardoor is de relatie tussen de tekst en de opsomming niet duidelijk vastgelegd. Hierdoor kan hulptechnologie de structuur anders interpreteren dan bedoeld.","Zorg voor een geldige HTML-structuur door de inleidende tekst en de opsomming in afzonderlijke elementen te plaatsen, bijvoorbeeld een paragraaf element gevolgd door een ongeordende lijst.","[{""filename"":""DBdvvd4dzQOKpByplAb4ZgTCZ3hgNOEG67Xzb2lL.png"",""url"":""/uploads/findings/1770027732848-DBdvvd4dzQOKpByplAb4ZgTCZ3hgNOEG67Xzb2lL.png"",""caption"":""Code: opsomming binnen paragraaf element"",""size"":175161,""type"":""image/png""}]",,0,Sun Feb 01 2026 21:27:09 GMT+0100 (Midden-Europese standaardtijd),Mon Feb 02 2026 11:22:12 GMT+0100 (Midden-Europese standaardtijd)
c2014214-63ad-45d1-be47-4c38b81bc411,6b40737b-a874-4e09-8b16-d4de37a18487,B003,4cb21fff-b4e0-4bd5-a312-f472f8541396,,resolved,,ontwikkelaar,Voor het visueel benadrukken van tekst wordt het b-element gebruikt. Dit is toegestaan wanneer de vetgedrukte weergave geen inhoudelijke nadruk heeft. Vanuit best practice kan overwogen worden om deze opmaak via CSS toe te passen.,"Overweeg om vetgedrukte opmaak via CSS toe te passen in plaats van het b-element, zodat HTML primair wordt gebruikt voor semantiek en structuur.",,,1,Mon Feb 02 2026 11:26:21 GMT+0100 (Midden-Europese standaardtijd),Mon Feb 02 2026 11:26:21 GMT+0100 (Midden-Europese standaardtijd)
624f71fa-bd24-4f6e-8c17-d4f469094d81,acb5ef98-eb1b-432a-97ff-552b0a126fc3,B008,4cb21fff-b4e0-4bd5-a312-f472f8541396,,open,klein,redacteur,"De volledige ""Weetje""-zin staat in een em-element, en het woord ""Weetje:"" staat daarnaast ook in een strong-element. Em en strong zijn bedoeld voor een woord of zinsdeel, niet voor een hele zin. Door em om de hele zin te plaatsen verliest de nadruk zijn betekenis.","Beperk de nadrukopmaak tot het woord ""Weetje:"" en gebruik daarvoor em of strong, niet beide tegelijk.",,,5,Tue Mar 24 2026 15:39:22 GMT+0100 (Midden-Europese standaardtijd),Tue Mar 24 2026 15:39:22 GMT+0100 (Midden-Europese standaardtijd)
40c82290-5214-4e74-8ded-623ea2f3ee97,acb5ef98-eb1b-432a-97ff-552b0a126fc3,B005,967dd178-96c9-487f-aaf9-6508032abe65,,resolved,,,Op de pagina staat een kop met de tekst “Meer weten”. Deze kop beschrijft het onderwerp van de sectie niet.,Zorg dat de kop het onderwerp van de sectie duidelijk beschrijft. Gebruik bijvoorbeeld “Meer informatie over de identiteitskaart”.,,,0,Tue Mar 24 2026 13:02:20 GMT+0100 (Midden-Europese standaardtijd),Thu Apr 02 2026 11:41:48 GMT+0200 (Midden-Europese zomertijd)
7253b56c-02ca-4d51-81fb-cf63d2e6ee59,acb5ef98-eb1b-432a-97ff-552b0a126fc3,B003,4cb21fff-b4e0-4bd5-a312-f472f8541396,,open,klein,redacteur,Op de pagina is de waarschuwing “We verwachten dit jaar een groot aantal aanvragen.” en “Maak op tijd een afspraak” opgemaakt met de elementen strong en em. Deze elementen worden hier gebruikt voor visuele opmaak in plaats van voor inhoudelijke nadruk.,Gebruik de elementen strong en em alleen wanneer nadruk inhoudelijk van belang is. Verwijder de vet- en cursiefopmaak in deze gevallen en regel de visuele presentatie via CSS.,,,1,Tue Mar 24 2026 12:40:53 GMT+0100 (Midden-Europese standaardtijd),Fri Apr 03 2026 09:37:04 GMT+0200 (Midden-Europese zomertijd)
c2cd6b89-c15d-4dc7-b9d3-671a01486830,acb5ef98-eb1b-432a-97ff-552b0a126fc3,B001,4cb21fff-b4e0-4bd5-a312-f472f8541396,,open,klein,redacteur,"Op alle pagina's van de website staan in de footer drie koppen (""Gemeente IJsselstein"", ""Meer informatie"" en ""Volg ons op""). De tekst van deze koppen staat in een strong-element. Het strong-element markeert de tekst onbedoeld ook als benadrukt. Screenreadergebruikers horen de tekst daardoor onnodig als benadrukt aangekondigd.
Dit geldt ook voor de linktekst van de knoppen ""Contact en openingstijden"" en ""Meld u aan voor de nieuwsbrief""
Dit komt op meerdere pagina's voor
zoals: https://www.ijsselstein.nl/evenementenvergunning
https://www.ijsselstein.nl/hitteschild-2-tot-4
",Verwijder het strong-element uit de footerkoppen en knoppen. ,,,0,Tue Mar 24 2026 10:37:09 GMT+0100 (Midden-Europese standaardtijd),Thu Apr 02 2026 11:07:31 GMT+0200 (Midden-Europese zomertijd)
650efb4b-c014-41cd-b339-7ed44d49a9bb,acb5ef98-eb1b-432a-97ff-552b0a126fc3,B006,4cb21fff-b4e0-4bd5-a312-f472f8541396,,open,klein,redacteur,"In de footer staat onder de kop ""Meer informatie"" een groep van drie links (""Over deze site"", ""Hulp bij de website"", ""Webarchief""). Visueel is dit een lijst maar in de code staan ze in één alinea gescheiden door br-tags. De lijststructuur is daarmee niet programmatisch bepaalbaar.","Zet de drie links in de footer onder ""Meer informatie"" in een ongeordende lijst. ",,,3,Tue Mar 24 2026 15:13:09 GMT+0100 (Midden-Europese standaardtijd),Tue Mar 31 2026 12:41:56 GMT+0200 (Midden-Europese zomertijd)
b9e917aa-a87f-4389-b737-1974185807c2,acb5ef98-eb1b-432a-97ff-552b0a126fc3,B021,cd31b01e-f6f1-4e3a-bbbe-c83d8c570848,,open,matig,redacteur,In de sidebar staan twee links met de tekst “Voorbeeld veiligheidsplan” die naar verschillende bestanden verwijzen. Het bestandsformaat staat buiten de link en maakt geen deel uit van de linktekst. Hierdoor zijn de links niet van elkaar te onderscheiden.,"Zorg dat de links van elkaar te onderscheiden zijn door het bestandsformaat op te nemen in de linktekst, bijvoorbeeld “Voorbeeld veiligheidsplan (docx)” en “Voorbeeld veiligheidsplan (pdf)”.",,,4,Wed Mar 25 2026 21:15:11 GMT+0100 (Midden-Europese standaardtijd),Fri Apr 03 2026 09:40:15 GMT+0200 (Midden-Europese zomertijd)
760c7e21-ab26-4561-8cad-13ea5100b52c,dfc078cf-a6b5-4c92-b72e-15d5d1089804,B002,746bbe4a-dccb-4e47-8533-f973001a5986,,resolved,matig,redacteur,"Op deze pagina's staat in de introductietekst de zin ""Hieronder een overzicht van de huidige speellocaties."" Dit overzicht staat er echter niet. Na de introductietekst volgen direct de invulvelden van het formulier. Daardoor missen alle gebruikers informatie die bedoeld is om het formulier goed in te kunnen vullen. Hetzelfde probleem doet zich voor op de pagina ""Overzicht"" (stap 2), waar exact dezelfde introductietekst wordt gebruikt.
Dit wordt niet afgekeurd omdat de verwijzing ""hieronder"" voor geen enkele gebruiker werkt: het overzicht ontbreekt volledig. Er is daardoor geen sprake van een ongelijke toegankelijkheidssituatie op basis van zintuiglijke kenmerken.","Voeg het overzicht van de huidige speellocaties toe aan de pagina, direct na de introductietekst. Staat het overzicht elders, vervang de verwijzing dan door een link, bijvoorbeeld: ""Bekijk het overzicht van de huidige speellocaties.""",,,0,Mon Mar 09 2026 10:29:23 GMT+0100 (Midden-Europese standaardtijd),Wed Mar 18 2026 16:17:04 GMT+0100 (Midden-Europese standaardtijd)
a9ebcf9e-5233-45e9-84d7-3b95f0084d51,dfc078cf-a6b5-4c92-b72e-15d5d1089804,B004,73fc903b-3e33-460d-a942-d5bfb3a34254,,open,matig,redacteur,"Op deze pagina ontbreekt bij het veld ""Adres"" het autocomplete-attribuut. Hierdoor kan het doel van dit veld niet worden bepaald. Dit is een probleem voor mensen die afhankelijk zijn van autofill, zoals mensen met een motorische beperking of mensen die moeite hebben met typen.","Voeg bij het veld ""Adres"" het attribuut autocomplete=""street-address"" toe.",,,1,Mon Mar 09 2026 11:49:49 GMT+0100 (Midden-Europese standaardtijd),Tue Mar 10 2026 17:37:35 GMT+0100 (Midden-Europese standaardtijd)
4bd224eb-190e-4728-8a35-424f2ec0b7b5,dfc078cf-a6b5-4c92-b72e-15d5d1089804,B003,73fc903b-3e33-460d-a942-d5bfb3a34254,,open,matig,redacteur,"Op deze pagina's heeft het veld ""Voornaam"" de waarde autocomplete=""name"". Dit is de verkeerde waarde: name staat voor de volledige naam, dus vult de browser bij autofill zowel de voornaam als de achternaam in. Dit is een probleem voor mensen die afhankelijk zijn van autofill, zoals mensen met een motorische beperking of mensen die moeite hebben met typen.
","
Vervang bij het veld ""Voornaam"" het autocomplete attribuut ""name"" door ""given-name"".",,,0,Mon Mar 09 2026 10:38:44 GMT+0100 (Midden-Europese standaardtijd),Wed Mar 18 2026 16:17:23 GMT+0100 (Midden-Europese standaardtijd)
5e9c5f68-b35f-4922-bc5e-8e49b9bab5bb,dfc078cf-a6b5-4c92-b72e-15d5d1089804,B001,967dd178-96c9-487f-aaf9-6508032abe65,,open,klein,redacteur,Op deze pagina's is de staptitel (h2) niet beschrijvend voor de inhoud van de stap. De h2 herhaalt de naam van het  formulier terwijl de stap gaat over het invullen van persoonsgegevens en een reactie. Gebruikers die via koppen navigeren zoals mensen die een schermlezer gebruiken kunnen op basis van deze kop niet opmaken wat er in de stap van hen wordt verwacht.,"Vervang de h2 door een beschrijvende staptitel die aangeeft wat er in de stap wordt gevraagd. Bijvoorbeeld: ""Uw gegevens en reactie"". ",,,0,Mon Mar 09 2026 10:07:42 GMT+0100 (Midden-Europese standaardtijd),Wed Mar 18 2026 16:18:48 GMT+0100 (Midden-Europese standaardtijd)
e4684e65-bd0e-49b0-b5f7-8d8404046fd3,acb5ef98-eb1b-432a-97ff-552b0a126fc3,B007,4cb21fff-b4e0-4bd5-a312-f472f8541396,,resolved,,,"
In de footer staan onder de kop ""Gemeente IJsselstein"" het adres en het telefoonnummer samen in één alinea (<p>), gescheiden door een <br>-tag. Het zijn twee verschillende soorten informatie die elk een eigen alinea horen te hebben.",Splits het adres en het telefoonnummer in twee aparte alinea's ,,,4,Tue Mar 24 2026 15:21:21 GMT+0100 (Midden-Europese standaardtijd),Tue Mar 31 2026 11:55:52 GMT+0200 (Midden-Europese zomertijd)
5dbdcf62-9c76-4ce1-b178-0cf52ac761a9,acb5ef98-eb1b-432a-97ff-552b0a126fc3,B004,4cb21fff-b4e0-4bd5-a312-f472f8541396,,resolved,,redacteur,"Onder de kop ""Spoedaanvraag"" staat een lijst met één item. Een lijst hoort twee of meer items te bevatten. De tekst kan beter als alinea worden opgemaakt.

Dit geld ook voor de pagina sportparken en sporthallen on de de kop Vergaderruimte 1",Vervang de lijst onder de kop door een alinea,,,2,Tue Mar 24 2026 12:45:53 GMT+0100 (Midden-Europese standaardtijd),Fri Apr 03 2026 09:43:25 GMT+0200 (Midden-Europese zomertijd)
c3f8c8b5-304f-419f-873f-92bddde346d9,dfc078cf-a6b5-4c92-b72e-15d5d1089804,B008,73fc903b-3e33-460d-a942-d5bfb3a34254,,open,matig,,"Op deze pagina staat een formulier waarbij het veld ""Telefoonnummer aanvragers"" het telefoonnummer van de gebruiker zelf opvraagt. Dit veld heeft geen autocomplete-attribuut, waardoor de browser en hulpsoftware het doel van het veld niet programmatisch kunnen bepalen. Daardoor werkt automatisch invullen (autofill) niet voor dit veld. Dit is een probleem voor mensen met een cognitieve beperking, mensen met dyslexie en mensen met een motorische beperking, die juist baat hebben bij autofill om fouten te vermijden en minder te hoeven typen.","Voeg bij het veld telefoonnummer het attribuut autocomplete=""tel-national"" toe.",,,2,Tue Mar 10 2026 15:43:22 GMT+0100 (Midden-Europese standaardtijd),Tue Mar 10 2026 15:44:59 GMT+0100 (Midden-Europese standaardtijd)
620ab3e8-05e9-4446-90b9-15f1449e7b32,dfc078cf-a6b5-4c92-b72e-15d5d1089804,B009,953b6042-bb8c-4124-ae4b-a5b1669fe425,,open,matig,,"Op de pagina staat een tekstveld met het label ""Namen bruidspaar"". Het label geeft niet aan welke invoer wordt verwacht. Het is nu onduidelijk of de gebruiker de volledige namen van beide partners afzonderlijk moet invullen, de gecombineerde huwelijksnaam of een andere notatie. Zonder instructie moet de gebruiker gokken wat de gemeente bedoelt. Dit is een probleem voor mensen met een cognitieve beperking, maar ook voor alle andere gebruikers die niet vertrouwd zijn met dit soort formulieren.","Voeg een instructie toe direct onder het label die aangeeft welke invoer wordt verwacht en in welk formaat. Bijvoorbeeld: ""Vul de voor- en achternamen van beide partners in, gescheiden door 'en'",,,1,Tue Mar 10 2026 15:57:46 GMT+0100 (Midden-Europese standaardtijd),Tue Mar 10 2026 15:57:46 GMT+0100 (Midden-Europese standaardtijd)
6e84da21-0faa-4b02-80d1-395a64f6e8c9,dfc078cf-a6b5-4c92-b72e-15d5d1089804,B007,953b6042-bb8c-4124-ae4b-a5b1669fe425,,open,klein,redacteur,"Op de pagina staat een formulierveld met het label ""Postcode en woonplaats"". Dit label is gekoppeld aan één enkel tekstveld. Het veld verwacht twee afzonderlijke gegevens namelijk een postcode én een woonplaats. Er ontbreekt een instructie over het verwachte invoerformaat. Het is voor de gebruiker niet duidelijk hoe de gegevens gecombineerd moeten worden ingevoerd: alleen de postcode, alleen de woonplaats, of beide achter elkaar (en zo ja, in welke volgorde en met welk scheidingsteken). Er is geen placeholder of instructietekst aanwezig die dit verduidelijkt. Dit is een probleem voor mensen die hulpsoftware gebruiken en voor gebruikers die niet bekend zijn met het verwachte invoerformaat.","Maak twee afzonderlijke velden met elk een eigen label: ""Postcode"" en ""Woonplaats"". ",,,0,Tue Mar 10 2026 14:55:30 GMT+0100 (Midden-Europese standaardtijd),Tue Mar 10 2026 14:55:30 GMT+0100 (Midden-Europese standaardtijd)
54d4d48a-0f0f-4b8b-b9c1-02b02c67db30,dfc078cf-a6b5-4c92-b72e-15d5d1089804,B010,1f36c6a9-6e39-462e-8051-67c0ac31e0b2,,open,matig,,"Op de pagina is het veld ""Telefoonnummer aanvragers"" aangemaakt als een numeriek veld (type=""number""). Een screenreader kondigt het veld hierdoor aan als een optelbaar getal in plaats van een telefoonnummer. Dit is verwarrend voor gebruikers die afhankelijk zijn van een screenreader.","Vervang het numerieke veld door het telefoonnummerveld dat beschikbaar is in het formuliersysteem. Dat veld heeft type=""tel"" en bevat ook een instructie over het verwachte formaat.",,,0,Tue Mar 10 2026 16:11:48 GMT+0100 (Midden-Europese standaardtijd),Tue Mar 10 2026 16:11:48 GMT+0100 (Midden-Europese standaardtijd)
fbbf46a4-d346-4085-a5c0-4856da16cb9f,dfc078cf-a6b5-4c92-b72e-15d5d1089804,B006,9b23fa6b-a0de-4779-b78a-2649f20d17e7,,resolved,,,"Op pagina's met formulieren is een versie voor hoog contrast aanwezig. Deze is aan te zetten door middel van een zogenaamde ""contrast switch"".

Dit succescriterium is volledig getest in de modus voor hoog contrast. De versie voor hoog contrast wordt gezien als een alternatief voor de standaard versie.

Hierdoor kunnen er contrastproblemen zijn in de standaard versie. Deze zijn verder niet beoordeeld.","Voorzie ook de standaard versie van voldoende kleurcontrast voor alle grafische elementen. Dit bevordert de toegankelijkheid van de website voor bezoekers met een zichtbeperking.

De versie voor hoog contrast kan dan vervolgens ingezet worden voor een ""verhoogd contrast"".",,,0,Mon Mar 09 2026 14:10:59 GMT+0100 (Midden-Europese standaardtijd),Sat Mar 21 2026 11:08:35 GMT+0100 (Midden-Europese standaardtijd)
15a6330b-856e-40e1-ab4e-af1ae5fc008e,6b40737b-a874-4e09-8b16-d4de37a18487,B004,35d250a4-d5a2-4d75-9ebd-6fc4c6da9cbc,,resolved,,ontwikkelaar,"Op de mijn omgeving van Urk is een versie voor hoog contrast aanwezig. Deze is aan te zetten door middel van een zogenaamde ""contrast switch"".
Dit succescriterium is volledig getest in de modus voor hoog contrast. De versie voor hoog contrast wordt gezien als een alternatief voor de standaard versie.

Hierdoor kunnen er contrastproblemen zijn in de standaard versie. Deze zijn verder niet beoordeeld..","Voorzie ook de standaard versie van voldoende kleurcontrast in alle teksten. Dit bevordert de toegankelijkheid van de website voor bezoekers met een zichtbeperking.

Teksten met voldoende kleurcontrast lezen ook makkelijker voor alle lezers. Het lezen is hierdoor minder intensief, kost minder energie en het lezen wordt (onbewust) als prettiger ervaren. Hierdoor is de lezer eerder geneigd om over te gaan tot activatie.

De versie voor hoog contrast kan dan vervolgens ingezet worden voor een ""verhoogd contrast"", waarbij wordt voldaan aan succescriterium WCAG 1.4.6 Verhoogd contrast (niveau AAA).",,,0,Mon Feb 02 2026 11:33:46 GMT+0100 (Midden-Europese standaardtijd),Sat Mar 21 2026 11:08:35 GMT+0100 (Midden-Europese standaardtijd)
f63b5906-5591-4b16-8f4f-426564f90147,dfc078cf-a6b5-4c92-b72e-15d5d1089804,B005,35d250a4-d5a2-4d75-9ebd-6fc4c6da9cbc,,resolved,,,"Op pagina's met formulieren is een versie voor hoog contrast aanwezig. Deze is aan te zetten door middel van een zogenaamde ""contrast switch"". Dit succescriterium is volledig getest in de modus voor hoog contrast. De versie voor hoog contrast wordt gezien als een alternatief voor de standaard versie.

Hierdoor kunnen er contrastproblemen zijn in de standaard versie. Deze zijn verder niet beoordeeld.","We adviseren om ook de standaard versie te voorzien van voldoende kleurcontrast in alle teksten. Dit bevordert de toegankelijkheid van de website voor bezoekers met een zichtbeperking.

Teksten met voldoende kleurcontrast lezen ook makkelijker voor alle lezers. Het lezen is hierdoor minder intensief, kost minder energie en het lezen wordt (onbewust) als prettiger ervaren. Hierdoor is de lezer eerder geneigd om over te gaan tot activatie.

De versie voor hoog contrast kan dan vervolgens ingezet worden voor een ""verhoogd contrast"", waarbij wordt voldaan aan succescriterium WCAG 1.4.6 Verhoogd contrast (niveau AAA).",,,0,Mon Mar 09 2026 11:58:18 GMT+0100 (Midden-Europese standaardtijd),Sat Mar 21 2026 11:08:35 GMT+0100 (Midden-Europese standaardtijd)
4554ef2b-e723-4c88-ba93-813ac024e0be,acb5ef98-eb1b-432a-97ff-552b0a126fc3,B002,cd31b01e-f6f1-4e3a-bbbe-c83d8c570848,,open,klein,redacteur,Op alle pagina’s van de website staat in de footer het telefoonnummer “14 030” als link. De linktekst beschrijft het doel van de link niet.,Zorg dat de linktekst het doel van de link duidelijk beschrijft. Gebruik bijvoorbeeld “Bel 14 030” of “Telefoonnummer: 14 030”.,,,0,Tue Mar 24 2026 12:10:23 GMT+0100 (Midden-Europese standaardtijd),Thu Apr 02 2026 11:33:21 GMT+0200 (Midden-Europese zomertijd)
879b4a56-c6d0-4066-843e-543c15285a77,acb5ef98-eb1b-432a-97ff-552b0a126fc3,B009,41d09e8c-c857-457c-a799-ffc0539e7722,,open,matig,redacteur,"Op de pagina staat onder de kop ""Hondenuitlaatkaart"" een interactieve kaart. Online kaarten vallen onder de wettelijke uitzondering, maar die uitzondering geldt alleen voor de kaarttechniek, niet voor de informatie die via de kaart wordt aangeboden. De kaart toont twee soorten informatie: de losloopvelden en de routes tussen die velden. De losloopvelden zijn ook als tekst beschikbaar op de pagina, in de lijst onder ""Losloopgebieden in IJsselstein"". De routes zijn dat niet. De tekst vermeldt alleen dat deze routes bestaan en dat daarop aanlijn- en opruimplicht geldt, maar welke straten of paden de routes volgen is uitsluitend via de kaart te achterhalen. Daarmee is de kaart de enige manier om deze informatie te verkrijgen.","Voeg op de pagina een tekstuele beschrijving toe van de hondenuitlaatroutes, bijvoorbeeld als een lijst van straten of paden per route. Zo is de informatie ook beschikbaar voor gebruikers die de kaart niet kunnen gebruiken.",,,0,Tue Mar 24 2026 17:00:27 GMT+0100 (Midden-Europese standaardtijd),Tue Mar 24 2026 17:02:27 GMT+0100 (Midden-Europese standaardtijd)
d195bf41-f5ce-4fc6-9c63-7ac654dddf9d,acb5ef98-eb1b-432a-97ff-552b0a126fc3,B016,cf8f7d38-2002-4ede-aa09-a382fd4c22f5,,open,serieus,redacteur,"Op de pagina staan twee promotieafbeeldingen voor de IJsselstein-route en de IJsselveld-route. Deze afbeeldingen bevatten tekstuele informatie, zoals de routenaam, een beschrijving, app-functies en routeafstanden. Deze informatie is niet als tekst beschikbaar op de pagina.","Zorg dat de informatie uit de afbeeldingen ook als tekst op de pagina beschikbaar is, zodat deze door hulpsoftware gelezen en door gebruikers aangepast kan worden.
",,,0,Wed Mar 25 2026 10:45:49 GMT+0100 (Midden-Europese standaardtijd),Thu Apr 02 2026 11:29:19 GMT+0200 (Midden-Europese zomertijd)
8a8e0786-d896-4b80-9e1b-d90909414347,acb5ef98-eb1b-432a-97ff-552b0a126fc3,B013,41d09e8c-c857-457c-a799-ffc0539e7722,,open,klein,redacteur,De twee afbeeldingen van QR-FIT paaltjes zijn voorzien van een alt-tekst. De afbeeldingen zijn decoratief omdat ze geen informatie bevatten die niet al in de omringende tekst staat.,"Voorzie beide afbeeldingen van een leeg alt-tekst: alt="""".",,,1,Tue Mar 24 2026 21:35:59 GMT+0100 (Midden-Europese standaardtijd),Wed Mar 25 2026 09:27:02 GMT+0100 (Midden-Europese standaardtijd)
3cf4873f-30c4-4e60-a998-d45e4d152198,acb5ef98-eb1b-432a-97ff-552b0a126fc3,B014,41d09e8c-c857-457c-a799-ffc0539e7722,,open,serieus,redacteur,"De twee promotieafbeeldingen zijn aanklikbare links die de afbeelding vergroot openen. De alt-teksten beschrijven de afbeelding, niet het linkdoel. Voorleessoftware kondigt de links aan als ""QR-route IJsselstein"" en ""QR-route IJsselveld"", zonder dat duidelijk is wat er bij klikken gebeurt.","Pas de alt-tekst aan zodat het linkdoel duidelijk is, bijvoorbeeld alt=""Vergroot promotiekaart QR-FIT route IJsselstein"" en alt=""Vergroot promotiekaart QR-FIT route IJsselveld"".
",,,2,Wed Mar 25 2026 09:22:26 GMT+0100 (Midden-Europese standaardtijd),Wed Mar 25 2026 10:33:23 GMT+0100 (Midden-Europese standaardtijd)
5e914bc1-e8ce-4720-9a03-5607ecac9a75,acb5ef98-eb1b-432a-97ff-552b0a126fc3,B012,4cb21fff-b4e0-4bd5-a312-f472f8541396,,open,klein,redacteur,"Op de pagina staat onder de knop ""Openbaar oplaadpunt aanvragen"" een tekst die volledig in em is geplaatst. De cursief-opmaak is echter al geregeld via de CSS-klasse italic op de span-element. De em is dubbelop en kan worden weggelaten.",Verwijder de cursief-opmaak in het CMS. De tekst behoudt zijn uiterlijk via de italic-klasse.,,,7,Tue Mar 24 2026 17:50:56 GMT+0100 (Midden-Europese standaardtijd),Thu Apr 02 2026 11:03:45 GMT+0200 (Midden-Europese zomertijd)
41c6a696-f549-469f-96e9-8f9636175b80,acb5ef98-eb1b-432a-97ff-552b0a126fc3,B019,cd31b01e-f6f1-4e3a-bbbe-c83d8c570848,,open,matig,redacteur,Op de pagina staat een knop met de tekst “Aanmelden”. Deze linktekst beschrijft het doel van de link niet.,Zorg dat de linktekst het doel van de link duidelijk beschrijft. Gebruik bijvoorbeeld “Aanmelden voor de groene dakenactie”.,,,3,Wed Mar 25 2026 17:04:01 GMT+0100 (Midden-Europese standaardtijd),Thu Apr 02 2026 11:37:32 GMT+0200 (Midden-Europese zomertijd)
9bf50a9a-aeab-4466-9ea4-6d8fafd94a06,acb5ef98-eb1b-432a-97ff-552b0a126fc3,B018,d1d29352-2853-4671-bd37-d2b466ab1cd0,,open,matig,redacteur,"In het snelmenu staat een link met de zichtbare tekst “Melding doen”. De toegankelijke naam van deze link is echter “Melding, klacht of bezwaar”. De zichtbare tekst komt niet voor in de toegankelijke naam.","Zorg dat de zichtbare tekst onderdeel is van de toegankelijke naam. Pas bijvoorbeeld het aria-label aan naar “Melding doen, klacht of bezwaar” of verwijder het aria-label zodat de zichtbare tekst als toegankelijke naam wordt gebruikt.",,,0,Wed Mar 25 2026 15:58:19 GMT+0100 (Midden-Europese standaardtijd),Thu Apr 02 2026 11:43:00 GMT+0200 (Midden-Europese zomertijd)
e4e573b4-e27f-4062-90eb-6ff1524b4168,acb5ef98-eb1b-432a-97ff-552b0a126fc3,B010,a831e91c-9db5-42ed-98b0-859517e99564,,open,matig,redacteur,"Op alle pagina’s in het hoofdmenu staan twee links die naar dezelfde pagina verwijzen (/werken-bij-de-gemeente-ijsselstein), maar een verschillend label hebben: “Werken bij de Gemeente IJsselstein” en “Vacatures”.","Zorg dat links die naar dezelfde pagina verwijzen hetzelfde label hebben. Gebruik één consistente naam, bijvoorbeeld “Vacatures” of “Werken bij de gemeente”, en pas dit toe in beide menuonderdelen.",,,0,Tue Mar 24 2026 17:25:05 GMT+0100 (Midden-Europese standaardtijd),Thu Apr 02 2026 11:49:28 GMT+0200 (Midden-Europese zomertijd)
553913cb-d5cc-474b-95c1-74084d36d46a,acb5ef98-eb1b-432a-97ff-552b0a126fc3,B012,cd31b01e-f6f1-4e3a-bbbe-c83d8c570848,,resolved,,redacteur,"Op de pagina staat een link naar een pdf-document. De linktekst luidt ""Algemene Voorwaarden gemeentelijke sportaccommodaties in IJsselstein"". De aanduiding ""(pdf, 95 kB)"" staat wel in hetzelfde lijstitem maar buiten de link. In de context van de pagina is het daardoor duidelijk dat de link een pdf-document opent.  Wie via een linklijst navigeert ziet alleen de linktekst zonder die aanduiding. Dit is vooral van belang voor gebruikers van een schermlezer.",Neem de bestandsaanduiding op in de linktekst zelf.,,,1,Tue Mar 24 2026 18:27:43 GMT+0100 (Midden-Europese standaardtijd),Fri Apr 03 2026 09:44:13 GMT+0200 (Midden-Europese zomertijd)
35817b5e-3125-440e-95f5-9a752e4f2f57,acb5ef98-eb1b-432a-97ff-552b0a126fc3,B017,cd31b01e-f6f1-4e3a-bbbe-c83d8c570848,,open,matig,redacteur,Op de pagina staan twee afbeeldingen die als link zijn opgemaakt en verwijzen naar een grotere versie van de routekaart. De naam van de link wordt bepaald door de alt-tekst van de afbeelding (“QR-route IJsselstein” en “QR-route IJsselveld”). Hieruit blijkt niet dat de link naar een grotere versie leidt.,"Zorg dat het linkdoel duidelijk wordt uit de linktekst. Pas de alt-tekst van de afbeeldingen aan, bijvoorbeeld naar “QR-route IJsselstein, bekijk grotere versie” en “QR-route IJsselveld, bekijk grotere versie”.",,,2,Wed Mar 25 2026 12:49:45 GMT+0100 (Midden-Europese standaardtijd),Fri Apr 03 2026 09:45:14 GMT+0200 (Midden-Europese zomertijd)
d2a7b959-36f9-483c-9a6b-48704b9fea9c,acb5ef98-eb1b-432a-97ff-552b0a126fc3,B025,4cb21fff-b4e0-4bd5-a312-f472f8541396,,open,klein,redacteur,"Op de pagina staat een lege kop h2 direct na de tekst ""Postbus 26, 3400 AA IJsselstein"". De kop bevat geen tekst. Screenreaders kondigen deze kop aan zonder inhoud, wat verwarrend is voor gebruikers die via koppen navigeren.",Verwijder de lege h2 kop. ,,,10,Thu Mar 26 2026 16:35:41 GMT+0100 (Midden-Europese standaardtijd),Thu Mar 26 2026 16:35:41 GMT+0100 (Midden-Europese standaardtijd)
272b24e6-bd15-4bf8-ba0a-bd121c12a54f,acb5ef98-eb1b-432a-97ff-552b0a126fc3,B027,c5da9884-1520-4257-9c7c-cfdf3e78c7a6,,open,matig,redacteur,Het PDF-document heeft geen documenttitel. Hierdoor is de titel van het document niet programmatisch bepaald.,Voeg een documenttitel toe in de documenteigenschappen van de PDF en stel in dat deze wordt weergegeven in de titelbalk van het document. Bijvoorbeeld: “Organogram Gemeente IJsselstein”.,,,0,Thu Mar 26 2026 19:17:20 GMT+0100 (Midden-Europese standaardtijd),Thu Apr 02 2026 11:31:58 GMT+0200 (Midden-Europese zomertijd)
95c9c209-231b-4edd-a2e2-bb779ef428f3,acb5ef98-eb1b-432a-97ff-552b0a126fc3,B033,4cb21fff-b4e0-4bd5-a312-f472f8541396,,open,serieus,redacteur,"In het PDF-document staan bij de antwoordopties selectievakjes die alleen visueel worden weergegeven (bijvoorbeeld als vierkantjes of symbolen). De relatie dat deze elementen keuzemogelijkheden voorstellen, is niet programmatisch vastgelegd. Hierdoor is het voor gebruikers van hulpsoftware niet duidelijk dat het om opties gaat waaruit gekozen kan worden.","Zorg dat de betekenis van de selectievakjes programmatisch wordt overgebracht. Bijvoorbeeld door de vakjes te voorzien van een tekstueel equivalent (zoals “selectievakje”) en deze correct op te nemen in de structuur van het document, zodat hulpsoftware kan herkennen dat het om keuzemogelijkheden gaat.",,,16,Thu Apr 02 2026 10:51:29 GMT+0200 (Midden-Europese zomertijd),Fri Apr 03 2026 09:39:08 GMT+0200 (Midden-Europese zomertijd)
f1cf5fe5-39ab-440e-bc05-3e6ff2190274,acb5ef98-eb1b-432a-97ff-552b0a126fc3,B033,9b23fa6b-a0de-4779-b78a-2649f20d17e7,,resolved,,,"Op de website is een versie voor hoog contrast aanwezig. Deze is aan te zetten door middel van een zogenaamde ""contrast switch"".

Dit succescriterium is volledig getest in de modus voor hoog contrast. De versie voor hoog contrast wordt gezien als een alternatief voor de standaard versie.
Hierdoor kunnen er contrastproblemen zijn in de standaard versie. Deze zijn verder niet beoordeeld.","Voorzie ook de standaard versie van voldoende kleurcontrast voor alle grafische elementen. Dit bevordert de toegankelijkheid van de website voor bezoekers met een zichtbeperking.

De versie voor hoog contrast kan dan vervolgens ingezet worden voor een ""verhoogd contrast"".",,,0,Wed Apr 01 2026 15:15:53 GMT+0200 (Midden-Europese zomertijd),Wed Apr 01 2026 15:15:53 GMT+0200 (Midden-Europese zomertijd)
e6d1b91b-44ea-4f23-bfe4-e7dc46050df1,acb5ef98-eb1b-432a-97ff-552b0a126fc3,B028,4cb21fff-b4e0-4bd5-a312-f472f8541396,,open,serieus,redacteur,"In het PDF-document is op pagina 1 het kader met de tekst “BELANGRIJK!” en bijbehorende opsomming opgemaakt als tabel, terwijl deze alleen voor vormgeving wordt gebruikt. Hulpsoftware kondigt dit daardoor onterecht aan als tabel.

Hetzelfde geldt voor de keuzeopties onder “3. Soort onderwijs”. Ook deze zijn opgemaakt als tabel zonder dat er sprake is van tabelgegevens. Hierdoor worden deze door hulpsoftware onjuist als tabel aangekondigd.",Gebruik geen tabellen voor opmaak. Vervang deze in het bronbestand door een lijst of platte tekst met een logische structuur en exporteer het document opnieuw als PDF.,,,12,Tue Mar 31 2026 09:43:45 GMT+0200 (Midden-Europese zomertijd),Thu Apr 02 2026 11:16:44 GMT+0200 (Midden-Europese zomertijd)
6d2c1c9c-091e-47c2-92c0-1c163db2fcaf,acb5ef98-eb1b-432a-97ff-552b0a126fc3,B015,35d250a4-d5a2-4d75-9ebd-6fc4c6da9cbc,,open,serieus,redacteur,"De pagina is gecontroleerd met de hoogcontrastmodus ingeschakeld. In de promotieafbeeldingen “SCAN JE FIT!” (IJsselstein en IJsselveld) staat tekst met onvoldoende contrast. De tekst “Download de gratis QR-FIT app:” en de kaartlabels “IJsselstein” en “IJsselveld” hebben een contrastverhouding van 3,1:1 (#949494 op wit), terwijl minimaal 4,5:1 vereist is.","Zorg dat de tekst in de promotieafbeeldingen voldoende contrast heeft. Gebruik bijvoorbeeld een donkerdere kleur, zoals #767676 of donkerder, zodat minimaal 4,5:1 wordt gehaald.",,,0,Wed Mar 25 2026 10:19:58 GMT+0100 (Midden-Europese standaardtijd),Thu Apr 02 2026 11:26:45 GMT+0200 (Midden-Europese zomertijd)
2f06b863-23fa-4277-a86d-97a66e813009,acb5ef98-eb1b-432a-97ff-552b0a126fc3,B022,41d09e8c-c857-457c-a799-ffc0539e7722,,open,matig,redacteur,"Op de pagina staat een infographic over de Economische Visie 2024-2030. De alt-tekst luidt: ""Economische Visie 2024-2030. Lees de uitgeschreven tekst op deze pagina."" Deze tekst verwijst naar de paginatekst als alternatief, maar de paginatekst dekt de inhoud van de infographic niet volledig. Zo ontbreken de slogan ""Sterk geworteld ondernemerschap met een wijde blik"" en de drie visuele clusters met de labels ""belanghebbenden"", ""ligging"" en ""ambitie"", inclusief de bijbehorende beschrijvingen. Gebruikers die de afbeelding niet kunnen zien, missen daarmee een deel van de inhoud.","Schrijf de volledige inhoud van de infographic uit als tekst op de pagina, inclusief de slogan, de drie clusters en de bijbehorende labels. Pas de alt-tekst aan zodat deze verwijst naar de plek op de pagina waar die beschrijving staat.",,,3,Wed Mar 25 2026 21:30:08 GMT+0100 (Midden-Europese standaardtijd),Fri Apr 03 2026 09:35:25 GMT+0200 (Midden-Europese zomertijd)
3dd8066a-96d5-4fdf-a7cf-a103c8c0caea,acb5ef98-eb1b-432a-97ff-552b0a126fc3,B032,4cb21fff-b4e0-4bd5-a312-f472f8541396,,open,matig,redacteur,"In het PDF-document wordt het organogram van de organisatiestructuur visueel weergegeven met behulp van positionering en verbindingslijnen. De hiërarchische relaties tussen de onderdelen worden alleen visueel overgebracht en zijn niet programmatisch vastgelegd. De verschillende onderdelen zijn opgemaakt als losse alinea’s (P-elementen), waardoor de onderlinge relaties niet bepaald kunnen worden.",Zorg dat de hiërarchische structuur van het organogram programmatisch wordt overgebracht. Dit kan bijvoorbeeld door een geneste lijststructuur of een tekstueel alternatief toe te voegen waarin de relaties tussen de onderdelen duidelijk worden beschreven.,,,15,Tue Mar 31 2026 11:50:16 GMT+0200 (Midden-Europese zomertijd),Thu Apr 02 2026 11:22:17 GMT+0200 (Midden-Europese zomertijd)
2c7000cf-77a3-4079-b988-ea56bd4687f8,acb5ef98-eb1b-432a-97ff-552b0a126fc3,B032,35d250a4-d5a2-4d75-9ebd-6fc4c6da9cbc,,resolved,,,"Op de website is een versie voor hoog contrast aanwezig. Deze is aan te zetten door middel van een zogenaamde ""contrast switch"". Dit succescriterium is volledig getest in de modus voor hoog contrast. De versie voor hoog contrast wordt gezien als een alternatief voor de standaard versie. Hierdoor kunnen er contrastproblemen zijn in de standaard versie. Deze zijn verder niet beoordeeld.
","We adviseren om ook de standaard versie te voorzien van voldoende kleurcontrast in alle teksten. Dit bevordert de toegankelijkheid van de website voor bezoekers met een zichtbeperking. Teksten met voldoende kleurcontrast lezen ook makkelijker voor alle lezers. Het lezen is hierdoor minder intensief, kost minder energie en het lezen wordt (onbewust) als prettiger ervaren. Hierdoor is de lezer eerder geneigd om over te gaan tot activatie. De versie voor hoog contrast kan dan vervolgens ingezet worden voor een ""verhoogd contrast"", waarbij wordt voldaan aan succescriterium WCAG 1.4.6 Verhoogd contrast (niveau AAA).",,,1,Wed Apr 01 2026 15:12:12 GMT+0200 (Midden-Europese zomertijd),Wed Apr 01 2026 15:12:12 GMT+0200 (Midden-Europese zomertijd)
4879d36e-0d5d-48fa-9dab-313ef83516da,acb5ef98-eb1b-432a-97ff-552b0a126fc3,B026,41d09e8c-c857-457c-a799-ffc0539e7722,,open,klein,redacteur,"In het PDF-document staat het logo van Gemeente IJsselstein zonder tekstalternatief. Omdat de afbeelding niet getagd is, komt het logo niet voor in de tagstructuur en is het niet toegankelijk voor hulpsoftware.","Voorzie het logo in het bronbestand van een alternatieve tekst ""Gemeente IJsselstein"" en exporteer het document opnieuw als PDF.",,,6,Mon Mar 30 2026 18:39:36 GMT+0200 (Midden-Europese zomertijd),Fri Apr 03 2026 09:36:10 GMT+0200 (Midden-Europese zomertijd)
8c8e12af-6d73-47f2-b566-4a9dd1190faa,acb5ef98-eb1b-432a-97ff-552b0a126fc3,B029,4cb21fff-b4e0-4bd5-a312-f472f8541396,,open,serieus,redacteur,"In het PDF-document ontbreken koppen in de documentstructuur. De titel “Aanvraagformulier bekostiging leerlingenvervoer schooljaar 2025-2026” en de sectiekoppen, zoals “1. Gegevens leerling” en “2. Gegevens school”, zijn visueel als koppen opgemaakt, maar niet als koppen getagd. Hierdoor is de structuur van het document niet programmatisch bepaald.","Zorg dat alle koppen in het document correct worden opgemaakt met kopstijlen in de bronapplicatie en exporteer het document opnieuw als getagde PDF, zodat de koppen als H1, H2, H3, enzovoort in de structuur worden opgenomen.",,,13,Tue Mar 31 2026 09:55:18 GMT+0200 (Midden-Europese zomertijd),Fri Apr 03 2026 09:37:56 GMT+0200 (Midden-Europese zomertijd)